word_id,word,meaning_zh,source_category,reason
5fa001e67b814384,hang your hat,告訴你一個號外,TOEIC,dropped after review: sense unclear or word too obscure
b2a0f05d58a1165b,came,穿窗引入線,IELTS,dropped after review: sense unclear or word too obscure
841bab77392d27bb,detrude,推出,IELTS,dropped after review: sense unclear or word too obscure
f0d8a6b1bfdc6b9b,fluential,流暢的,IELTS,dropped after review: sense unclear or word too obscure
dd3b35e14b26671a,forejudge,推斷,IELTS,dropped after review: sense unclear or word too obscure
09ba19cf81c3a440,gynecocracy=matriarchy,由女性統治的社會，母權制社會，母系社會,IELTS,dropped after review: sense unclear or word too obscure
b4718cc55fd37a82,imbrue,（尤其指血）弄濕，弄濕透，弄髒,IELTS,dropped after review: sense unclear or word too obscure
e80f9363d4499172,lieu,場所,IELTS,dropped after review: sense unclear or word too obscure
8a01dc3f4ca62d37,neocracy,無支配體制,IELTS,dropped after review: sense unclear or word too obscure
ba13667348087918,nomic,慣用的，普通的,IELTS,dropped after review: sense unclear or word too obscure
6b4b12e4e60038c2,obvert,使轉向（以呈現另一面）；使（命題）換質,IELTS,dropped after review: sense unclear or word too obscure
5683f8a5124004f4,outride,一音步內之輕音節；騎馬外出；短程旅行,IELTS,dropped after review: sense unclear or word too obscure
615bb3a112bea478,paly,蒼白的；發青的,IELTS,dropped after review: sense unclear or word too obscure
bd120ef74e2621ec,preengage,先約，預約,IELTS,dropped after review: sense unclear or word too obscure
9397d788534c0d16,recure,恢復、復原,IELTS,dropped after review: sense unclear or word too obscure
a9c2c58b4bf25f88,refragable,(可證明為)妄想的,IELTS,dropped after review: sense unclear or word too obscure
1c7fca565047dee1,syneresis=synaeresis,合音（兩個母音合成一音，如：雙母音）；音節省略；脫水收縮,IELTS,dropped after review: sense unclear or word too obscure
cc183416a377dc17,technography,技術工藝學,IELTS,dropped after review: sense unclear or word too obscure
